id,pokemon,generation_id,evolves_from_species_id,evolution_chain_id,color_id,shape_id,habitat_id,gender_rate,capture_rate,base_happiness,is_baby,hatch_counter,has_gender_differences,growth_rate_id,forms_switchable,is_legendary,is_mythical,pokemon_order,conquest_order
0,dartrix,5,463.0,386,9,11.0,,0,42,0,0,40,0,2,1,0,0,80823,
1,relicanth,2,544.0,267,2,7.0,8.0,1,58,50,0,20,0,1,0,0,0,52856,
2,clobbopus,8,,418,7,7.0,,2,81,50,0,15,0,2,0,0,0,7803,
3,entei,3,,103,2,5.0,,0,20,50,0,20,0,2,0,0,0,35130,
4,prinplup,5,,115,10,9.0,,5,3,50,0,30,1,2,0,0,0,72808,
5,granbull,2,567.0,146,4,12.0,,8,240,50,0,25,0,4,0,0,0,47072,
6,froakie,3,,382,4,7.0,,1,3,100,0,20,0,1,0,0,0,42932,
7,mareanie,5,429.0,350,10,,,3,4,50,0,15,0,5,0,0,0,96828,
8,mew,2,423.0,79,2,6.0,2.0,1,193,50,0,30,0,2,0,0,0,34994,
9,tsareena,7,,391,2,7.0,,1,3,70,0,25,0,2,1,0,0,51336,
10,sobble,7,,399,4,13.0,,1,34,70,0,15,0,5,0,0,0,2333,
11,anorith,3,,145,2,9.0,7.0,3,176,50,0,20,0,4,0,0,0,32454,
12,klinklang,5,,283,4,10.0,,1,14,50,0,20,0,2,0,0,0,20533,
13,yamask,5,649.0,343,8,11.0,,0,10,70,0,20,0,2,0,0,0,8492,
14,mudsdale,7,,415,8,12.0,,6,237,70,0,20,0,4,0,0,0,64067,
15,walrein,4,,111,6,12.0,,1,12,70,0,15,0,2,1,0,0,82113,133.0
16,gligar,2,,102,2,4.0,9.0,2,43,50,0,15,0,1,0,0,0,28265,51.0
17,larvitar,3,273.0,92,4,12.0,9.0,2,5,70,0,120,0,2,0,1,0,61946,
18,salamence,3,754.0,146,1,6.0,9.0,2,188,35,0,25,0,2,0,0,0,39149,78.0
19,cottonee,5,,208,5,8.0,,2,7,50,0,20,0,4,0,0,0,597,177.0
20,pidgeot,1,,4,8,,8.0,8,249,50,0,20,0,4,0,0,0,62967,25.0
21,leafeon,5,480.0,351,2,7.0,6.0,0,97,0,0,20,0,4,0,0,0,27901,65.0
22,applin,8,,432,7,2.0,,5,39,50,0,20,0,4,0,0,0,15738,
23,orbeetle,6,737.0,451,1,4.0,,0,3,70,0,30,0,2,0,0,0,64222,
24,jirachi,5,339.0,174,3,13.0,4.0,1,20,70,0,15,0,3,0,0,0,23828,
25,thwackey,8,374.0,374,7,13.0,,0,14,50,0,15,0,4,0,0,0,91074,
26,alcremie,8,,432,2,9.0,,7,164,50,0,20,0,2,0,0,0,7526,
27,regidrago,8,488.0,475,5,5.0,,0,41,50,0,25,0,2,0,0,0,43901,52.0
28,chimecho,4,290.0,222,5,5.0,9.0,4,67,50,0,20,0,1,0,0,0,39273,
29,gabite,5,416.0,201,2,12.0,,6,152,50,0,25,0,2,0,0,0,43756,
30,fletchling,4,453.0,326,4,1.0,2.0,-1,4,50,0,20,0,1,0,0,0,55110,
31,crustle,5,340.0,331,3,12.0,,-1,133,35,0,120,0,1,1,0,0,97551,119.0
32,donphan,3,462.0,79,3,4.0,3.0,0,24,35,0,120,1,1,0,0,0,90949,
33,jigglypuff,1,,18,3,13.0,3.0,3,33,50,0,25,0,1,0,0,0,28326,
34,hakamo-o,7,,442,5,1.0,,2,5,50,0,15,0,1,0,0,0,16688,
35,copperajah,8,669.0,471,2,11.0,,4,46,35,0,15,0,2,0,0,0,91909,
36,swampert,1,,140,8,9.0,,4,181,70,0,20,0,2,0,0,0,6636,
37,tropius,5,345.0,126,8,12.0,,4,19,50,0,20,0,4,0,0,0,44714,
38,kubfu,8,,462,7,8.0,,4,37,70,0,20,0,2,0,0,0,31968,
39,flabebe,5,341.0,358,4,5.0,,-1,49,50,0,40,0,2,0,0,0,78973,
40,frosmoth,8,,454,9,,,2,5,0,0,120,0,1,0,0,0,74768,
41,zygarde,7,,330,2,8.0,,7,185,50,0,20,0,4,1,1,0,11837,
42,meditite,4,,177,2,7.0,,6,194,35,0,20,0,2,0,0,0,68237,
43,bronzong,5,,116,5,5.0,,5,57,50,0,20,0,2,0,0,0,98814,
44,bayleef,2,,83,5,11.0,1.0,4,152,70,0,40,0,2,0,0,0,11183,
45,zebstrika,5,343.0,269,3,10.0,,0,163,35,0,20,0,1,0,0,0,32411,
46,bellsprout,1,227.0,33,2,12.0,9.0,0,11,35,0,80,0,1,0,0,0,63042,
47,polteageist,7,363.0,391,7,4.0,,-1,53,70,0,40,1,6,0,1,0,44129,
48,dragonite,2,,134,5,8.0,4.0,0,7,70,0,15,0,2,0,0,0,24958,
49,electrode,2,,75,2,6.0,3.0,1,9,35,0,20,0,1,0,0,0,32327,
50,masquerain,3,299.0,80,6,13.0,1.0,5,60,50,0,25,0,2,0,0,0,91087,79.0
51,piplup,3,,190,9,10.0,,1,177,70,0,25,0,2,1,0,0,67846,
52,cloyster,1,182.0,72,4,4.0,2.0,3,234,0,0,15,0,4,0,0,0,81871,
53,pumpkaboo,8,583.0,328,5,13.0,7.0,7,101,50,0,20,1,4,0,0,0,75558,
54,kubfu,8,791.0,473,7,,,0,21,50,0,15,0,2,0,0,0,63575,61.0
55,pawniard,6,494.0,263,2,13.0,,1,54,50,0,20,0,2,0,0,0,63157,127.0
56,emboar,4,359.0,241,6,4.0,2.0,0,5,70,0,25,0,2,0,0,0,57658,
57,sigilyph,4,382.0,265,2,10.0,,5,4,50,0,40,0,2,0,0,0,12149,108.0
58,bisharp,6,,300,4,11.0,,6,187,50,0,20,0,4,0,0,0,37287,
59,terrakion,4,219.0,325,3,11.0,3.0,2,105,50,0,25,1,4,0,0,0,6536,
60,venonat,1,2.0,16,1,13.0,3.0,7,10,50,0,20,0,2,0,0,0,93883,
61,phantump,6,,388,2,4.0,,6,3,0,0,25,0,1,0,0,0,90956,
62,poliwag,2,,6,7,2.0,2.0,5,10,70,0,20,0,2,0,0,0,80492,
63,porygon2,2,,79,2,12.0,,3,6,50,0,20,0,1,0,0,0,88468,
64,dustox,5,220.0,128,6,2.0,,1,28,70,0,20,0,4,0,1,0,39565,
65,cubone,2,,74,9,12.0,,8,255,50,0,20,1,4,1,0,0,88352,
66,golbat,1,,6,3,11.0,2.0,6,47,70,1,20,0,2,0,0,0,51071,
67,ponyta,1,,18,2,6.0,3.0,0,132,70,0,20,0,4,1,0,0,3770,
68,lickilicky,4,,269,2,12.0,2.0,7,97,0,0,20,0,2,0,0,0,45483,121.0
69,oddish,1,,45,5,8.0,3.0,-1,4,70,0,20,1,4,0,0,0,12480,
70,crobat,2,,107,10,9.0,,0,98,70,0,25,0,6,0,0,0,80399,
71,whimsicott,4,,348,2,14.0,,3,98,50,0,20,0,4,0,0,0,64074,
72,cascoon,3,,121,8,3.0,9.0,5,6,50,0,20,0,4,0,0,0,61972,89.0
73,luxray,3,,276,9,11.0,3.0,4,23,70,0,15,0,2,0,0,1,12806,
74,komala,7,604.0,424,4,11.0,,3,23,50,0,15,0,2,0,0,0,27951,
75,zangoose,3,392.0,228,2,,,0,19,35,0,15,0,2,1,0,0,64536,
76,pupitar,2,234.0,108,3,7.0,,1,127,50,0,25,1,2,0,0,0,77059,
77,exeggutor,1,,55,9,7.0,2.0,1,26,50,0,20,0,2,0,0,0,63648,
78,ivysaur,1,,1,3,11.0,3.0,0,19,0,0,10,0,4,0,0,0,8821,
79,totodile,1,,19,6,8.0,,0,3,0,0,20,0,1,0,0,0,1222,
80,arceus,5,,271,2,,,4,150,70,0,20,0,4,0,0,0,2603,
81,copperajah,7,,466,10,12.0,,3,7,50,0,20,0,2,0,0,0,84387,
82,gogoat,6,453.0,364,7,2.0,1.0,1,51,50,0,15,0,2,0,0,0,6963,137.0
83,dottler,5,545.0,438,10,6.0,,1,102,70,0,35,0,1,1,0,0,13006,
84,doublade,5,,431,5,10.0,,4,151,70,0,15,0,2,0,0,0,25323,
85,tapu-bulu,5,,438,4,6.0,,0,22,50,0,20,0,1,0,0,0,87529,
86,sandile,5,,308,6,3.0,3.0,2,82,50,0,20,0,2,1,0,0,2685,
87,swinub,2,242.0,88,5,11.0,4.0,0,47,50,0,15,0,2,0,0,0,28376,
88,sunkern,1,348.0,158,2,3.0,4.0,0,5,35,0,5,0,5,1,0,0,46807,108.0
89,excadrill,5,,333,2,,,3,230,50,0,20,0,4,0,0,0,6381,89.0
90,hakamo-o,7,,437,5,2.0,,3,4,50,0,15,0,3,1,1,0,70335,
91,corviknight,8,619.0,441,8,9.0,2.0,1,59,50,0,20,0,4,1,0,0,40112,54.0
92,makuhita,3,,178,2,11.0,3.0,1,89,0,0,20,0,2,0,0,0,32472,
93,houndoom,2,271.0,81,10,6.0,7.0,2,4,70,0,40,0,2,0,0,0,38283,
94,raikou,2,,105,9,6.0,3.0,3,13,50,0,20,0,2,0,0,0,76719,
95,horsea,2,355.0,40,2,10.0,,8,218,50,0,20,0,4,0,0,0,42698,62.0
96,pidgeotto,1,,5,8,11.0,9.0,1,18,0,0,20,0,4,0,0,0,71237,
97,manaphy,5,,161,2,6.0,,-1,3,140,0,15,0,2,0,0,0,38791,
98,trapinch,4,130.0,170,2,11.0,2.0,2,58,50,0,20,0,4,0,0,0,76977,
99,mienshao,7,453.0,204,10,6.0,7.0,4,206,50,0,20,1,4,0,0,1,23437,
100,quagsire,3,633.0,129,1,9.0,7.0,5,255,50,0,20,0,4,0,0,0,28413,86.0
101,fletchling,6,389.0,330,10,10.0,,1,10,50,0,20,0,4,0,0,0,29634,
102,goldeen,1,,127,10,5.0,3.0,4,109,50,0,20,0,2,0,0,0,18081,
103,plusle,3,340.0,183,9,4.0,2.0,3,26,50,0,20,0,2,0,0,0,6076,46.0
104,oddish,1,,32,7,6.0,7.0,1,132,50,0,20,1,4,0,0,0,23222,
105,cherrim,3,,191,2,8.0,3.0,0,3,100,0,120,0,1,0,0,0,29680,
106,anorith,4,,170,4,2.0,,7,240,50,0,20,0,2,0,0,0,31901,
107,thwackey,6,441.0,397,3,8.0,,-1,3,0,0,40,0,1,0,0,0,29729,
108,pidgeotto,1,188.0,10,5,11.0,3.0,6,129,70,0,20,1,2,0,0,0,16091,
109,caterpie,1,,5,8,11.0,4.0,4,15,35,0,25,0,1,0,0,0,96106,
110,froakie,6,,347,8,11.0,,0,111,70,0,15,0,2,0,0,1,81289,
111,makuhita,3,550.0,185,9,2.0,,4,108,50,0,20,0,2,0,0,0,41452,
112,corvisquire,7,747.0,396,2,2.0,,2,19,50,0,20,0,6,0,0,0,50531,
113,porygon-z,5,,209,10,3.0,,5,23,50,0,20,0,4,1,0,0,36070,
114,bunnelby,5,,193,6,4.0,,3,157,50,0,120,0,2,0,0,0,73619,82.0
115,bastiodon,4,,218,5,12.0,,7,213,50,0,20,0,4,0,0,0,7478,89.0
116,manectric,2,,126,2,10.0,2.0,5,68,70,0,15,0,2,1,0,0,68536,97.0
117,yveltal,6,,334,10,,,4,24,50,0,30,0,4,0,0,0,5847,
118,claydol,5,,94,7,12.0,,8,5,50,0,20,0,4,0,0,0,92564,
119,golett,5,418.0,258,3,13.0,,5,244,50,0,15,0,2,0,0,0,19907,
120,sceptile,3,,177,3,5.0,,4,81,50,0,20,0,2,0,0,0,77022,
121,boldore,5,,256,1,3.0,7.0,2,17,70,0,15,0,3,0,0,0,72787,
122,scorbunny,7,,409,5,12.0,,0,3,50,0,40,1,1,0,0,0,71910,
123,wigglytuff,1,556.0,34,1,11.0,2.0,0,14,70,0,15,0,1,0,0,0,44246,
124,excadrill,6,686.0,213,1,13.0,,6,210,50,0,15,0,2,0,0,0,13929,
125,raboot,7,,433,9,7.0,,-1,3,50,0,20,1,1,0,0,0,64590,86.0
126,snivy,3,297.0,201,2,9.0,,0,3,100,0,80,1,1,0,0,0,72295,
127,sudowoodo,3,303.0,34,5,12.0,2.0,4,21,50,0,80,0,2,0,0,0,97471,
128,typhlosion,2,,100,10,13.0,8.0,4,7,35,0,40,0,1,0,0,0,74236,
129,shroomish,2,,173,3,3.0,4.0,0,60,70,0,40,0,4,1,1,0,18886,
130,flareon,3,356.0,24,9,2.0,9.0,7,54,50,0,20,0,1,1,0,0,49757,
131,maractus,7,,285,6,14.0,7.0,1,225,50,0,25,0,2,0,0,0,81805,
132,golisopod,8,553.0,429,3,12.0,,5,30,70,0,20,0,2,0,0,0,40788,
133,bounsweet,5,388.0,299,3,9.0,,3,7,50,0,15,1,2,0,0,0,8878,
134,florges,5,286.0,250,4,3.0,,1,157,70,0,15,0,2,1,0,0,24835,
135,sylveon,8,,311,2,3.0,,1,4,70,0,20,0,2,0,0,0,7325,
136,spewpa,5,425.0,343,10,7.0,2.0,3,34,70,0,25,0,3,0,0,0,94278,
137,tapu-lele,7,765.0,442,2,6.0,,5,223,50,0,20,0,4,0,0,0,54228,132.0
138,tynamo,7,,345,3,8.0,,7,168,50,0,15,0,2,0,0,0,35271,
139,centiskorch,8,,464,6,6.0,,3,126,50,0,20,0,1,0,0,0,94431,
140,oshawott,4,,170,8,10.0,1.0,4,149,50,0,20,0,2,0,0,0,59697,
141,dugtrio,1,,18,2,11.0,3.0,8,173,50,0,20,1,4,0,0,0,16396,
142,lunala,7,,433,7,8.0,,-1,5,50,0,20,0,2,0,0,0,1227,
143,clawitzer,5,,308,2,12.0,,0,59,50,0,25,0,4,0,0,0,31782,
144,rockruff,5,,416,8,4.0,6.0,0,220,50,0,20,0,4,0,0,0,6223,
145,duskull,4,502.0,140,4,14.0,3.0,7,222,50,0,20,0,1,0,0,0,96122,
146,shelmet,4,,265,2,1.0,,1,27,70,0,15,0,2,0,0,0,617,
147,emolga,5,,308,10,9.0,,2,119,50,0,15,0,5,0,0,0,36578,86.0
148,roselia,4,,55,2,10.0,,7,196,50,0,20,0,2,0,0,0,96707,
149,relicanth,3,340.0,246,9,12.0,4.0,8,71,50,0,20,0,2,0,0,0,30355,53.0
150,mew,3,488.0,122,8,6.0,,8,240,35,0,20,0,4,0,0,0,11319,71.0
151,rotom,4,200.0,145,1,9.0,,2,97,50,0,20,0,2,0,0,1,13568,
152,nuzleaf,3,128.0,74,4,8.0,4.0,3,6,50,0,20,0,4,0,0,0,71042,
153,luxio,5,170.0,127,3,2.0,,-1,55,35,0,20,0,2,0,0,0,42794,
154,venipede,5,162.0,239,3,2.0,,2,117,50,0,20,0,2,1,0,0,16536,107.0
155,riolu,5,623.0,315,2,,,8,215,35,0,20,0,2,0,0,0,46703,
156,skorupi,5,,206,2,6.0,,6,148,35,0,20,1,2,0,0,0,10841,
157,abra,1,410.0,49,9,13.0,7.0,2,6,50,0,15,0,2,0,0,0,36837,
158,basculin,5,353.0,307,2,7.0,,0,81,70,0,15,1,2,0,0,0,41947,
159,grumpig,2,366.0,162,1,13.0,8.0,2,7,50,0,20,0,4,0,0,0,22663,
160,stantler,1,,171,2,,9.0,8,241,50,0,20,0,4,0,0,0,27850,
161,klefki,7,561.0,373,3,13.0,8.0,3,87,70,0,20,0,3,0,0,0,89179,
162,exploud,3,,168,10,7.0,,0,126,50,0,15,0,3,0,0,0,68809,
163,runerigus,8,,447,2,8.0,,1,3,70,0,80,0,3,0,0,0,49009,
164,escavalier,3,,332,4,9.0,,4,11,70,0,15,0,1,0,0,0,96470,101.0
165,golett,4,,278,10,8.0,,-1,3,70,0,30,0,2,0,1,0,89634,
166,arcanine,1,,64,5,9.0,,1,101,50,0,20,0,4,0,0,0,14639,
167,natu,2,254.0,133,2,12.0,,2,116,50,0,20,0,4,0,1,0,60306,
168,leafeon,4,291.0,264,1,9.0,7.0,4,33,70,0,20,1,2,0,0,0,60108,
169,throh,5,,210,2,10.0,,6,51,50,0,20,0,3,0,0,0,16537,
170,toxicroak,4,,145,6,13.0,,3,127,50,0,15,0,4,0,0,0,80980,
171,eevee,2,213.0,73,6,11.0,8.0,4,48,50,0,30,0,4,0,0,0,16499,97.0
172,honchkrow,6,,128,2,7.0,3.0,6,184,50,0,15,0,4,0,0,0,96544,147.0
173,igglybuff,1,,47,3,,5.0,0,3,0,0,120,0,5,0,0,0,34624,
174,naganadel,7,426.0,429,5,5.0,,0,22,50,0,15,0,3,0,0,0,15865,
175,larvitar,3,371.0,117,8,10.0,3.0,-1,3,50,0,120,0,4,0,0,0,37484,
176,quilava,1,582.0,116,4,3.0,,6,193,70,0,15,0,2,0,0,0,89372,
177,exploud,3,,89,5,2.0,5.0,1,137,70,0,10,0,1,0,0,0,6958,
178,wingull,2,246.0,132,3,,2.0,4,205,50,0,20,0,4,0,0,0,31482,
179,ledian,2,171.0,31,7,10.0,7.0,2,6,50,0,20,0,2,0,0,0,25289,
180,psyduck,1,,14,3,,8.0,2,15,70,0,20,0,1,0,0,0,80231,
181,slakoth,4,,105,10,2.0,3.0,0,5,50,0,20,0,2,0,0,0,42835,
182,mightyena,2,214.0,113,7,11.0,2.0,3,35,50,0,20,1,2,1,0,0,1676,
183,type-null,7,,407,7,,,1,26,50,0,20,0,2,0,0,0,23844,
184,sizzlipede,7,603.0,462,10,9.0,,0,76,50,0,40,0,1,0,0,0,27824,
185,muk,1,264.0,35,1,4.0,3.0,7,8,100,0,20,0,2,0,0,0,92386,
186,haunter,2,1.0,13,4,4.0,9.0,3,88,35,0,15,0,2,0,0,0,18763,
187,type-null,7,,400,8,7.0,6.0,0,36,70,0,20,0,3,0,0,0,84582,
188,swanna,3,484.0,271,9,1.0,1.0,0,28,50,0,20,1,2,0,0,0,72284,105.0
189,koffing,1,,24,1,10.0,4.0,6,23,50,0,20,0,3,0,0,0,92266,90.0
190,dewpider,6,634.0,409,6,14.0,,3,93,50,0,20,0,1,0,0,0,43325,
191,cinderace,7,,434,10,11.0,,0,4,50,0,20,0,2,0,0,0,42270,97.0
192,lombre,5,,77,4,7.0,4.0,1,5,50,0,20,0,4,0,0,0,30905,
193,cacnea,2,215.0,192,5,9.0,9.0,0,234,50,0,25,0,1,0,0,0,69050,
194,illumise,5,,74,8,7.0,,-1,6,50,0,20,0,2,0,0,0,32524,92.0
195,spinarak,2,549.0,107,8,8.0,1.0,2,21,70,0,40,1,4,0,0,0,75037,80.0
196,tangrowth,2,,298,8,,3.0,1,4,70,0,15,0,2,0,0,0,57178,
197,malamar,5,283.0,198,2,7.0,,7,158,50,0,20,0,4,0,0,0,19839,111.0
198,aggron,2,168.0,133,8,8.0,5.0,-1,3,0,0,15,0,1,0,0,0,77101,
199,shuckle,2,593.0,88,6,7.0,7.0,8,224,70,0,20,0,2,0,0,0,56925,
200,celebi,3,,74,3,6.0,8.0,0,3,0,1,30,0,5,1,0,0,42738,
201,rayquaza,4,,177,8,12.0,,6,113,50,0,15,0,4,0,0,0,28464,
202,heatran,5,529.0,311,2,14.0,,2,10,50,0,20,0,3,0,0,0,39142,108.0
203,oranguru,6,,318,7,,,3,30,100,0,10,0,2,0,0,1,97408,71.0
204,phione,5,,199,4,2.0,7.0,0,55,50,0,25,0,5,0,0,0,698,
205,golduck,1,371.0,25,8,,1.0,0,40,35,0,15,0,4,0,0,0,47335,
206,scrafty,5,,329,1,9.0,4.0,7,125,50,0,20,0,1,0,0,0,65982,
207,wishiwashi,7,472.0,362,6,10.0,,6,45,70,0,20,0,4,0,0,0,92714,
208,krabby,1,172.0,16,4,8.0,3.0,8,164,50,0,20,1,2,0,0,0,18400,76.0
209,ledyba,3,315.0,53,3,3.0,4.0,4,35,70,0,20,1,1,0,0,0,3508,
210,aron,3,,98,4,6.0,8.0,1,114,70,0,15,0,2,0,0,0,50018,
211,trumbeak,6,,372,8,14.0,,4,212,70,0,15,0,2,0,0,0,34565,
212,bonsly,3,74.0,117,8,13.0,,3,29,50,0,20,0,4,0,0,0,69402,
213,azurill,2,,133,4,11.0,,4,34,50,0,15,0,6,0,0,0,50561,
214,excadrill,5,486.0,361,5,11.0,,5,163,35,0,120,0,2,0,0,0,88093,
215,sandile,2,,260,7,2.0,3.0,1,3,70,0,20,0,1,0,0,0,9474,
216,florges,5,389.0,335,8,10.0,,-1,3,50,0,25,0,1,0,0,0,64158,
217,swablu,3,,243,7,11.0,,-1,6,0,0,120,0,1,0,0,0,98412,
218,sandslash,1,,10,2,7.0,3.0,8,25,50,0,20,0,2,0,0,1,59176,
219,venusaur,1,,1,8,8.0,3.0,7,205,50,0,20,1,4,1,0,0,26014,
220,braviary,6,595.0,301,6,4.0,,0,15,50,0,15,0,2,0,0,0,28275,
221,celesteela,7,345.0,424,8,10.0,,0,207,50,0,20,0,1,0,0,0,27458,122.0
222,growlithe,1,555.0,96,8,,5.0,3,7,70,0,15,0,2,0,0,0,94937,
223,skwovet,8,382.0,440,4,4.0,,-1,3,35,0,120,0,2,0,0,0,97058,
224,stantler,2,,154,1,7.0,4.0,3,200,50,0,10,0,4,0,0,0,99172,94.0
225,nuzleaf,2,,72,3,4.0,,1,12,70,0,20,0,2,0,0,0,61647,107.0
226,miltank,3,,78,6,4.0,2.0,-1,3,50,0,120,0,2,0,0,0,41205,
227,starly,4,549.0,263,7,8.0,,1,7,50,0,120,0,1,1,0,0,31982,
228,ledyba,3,,49,3,11.0,,4,23,50,0,20,0,4,0,0,0,26363,74.0
229,delphox,5,,301,9,12.0,,2,34,70,0,30,0,1,0,0,0,66590,
230,glalie,3,321.0,153,2,6.0,,5,137,50,0,20,0,4,0,0,0,27663,
231,landorus,4,797.0,307,10,8.0,,2,68,50,0,20,0,4,1,0,0,30601,
232,groudon,6,343.0,319,3,4.0,8.0,0,7,50,0,20,0,4,0,0,0,70758,
233,lugia,4,,40,2,5.0,,3,28,70,0,20,0,2,0,0,0,65513,
234,houndoom,3,185.0,81,5,13.0,3.0,0,27,50,0,35,0,4,0,0,0,30268,
235,venonat,1,171.0,38,7,9.0,6.0,6,62,70,0,20,0,1,0,0,0,34621,
236,krookodile,4,,352,4,11.0,8.0,6,79,50,0,20,0,6,0,0,0,70919,
237,bronzor,2,363.0,228,2,9.0,,1,5,50,0,10,0,3,1,0,0,27683,125.0
238,milcery,8,,416,2,10.0,,2,24,50,0,20,0,2,0,0,0,24258,
239,incineroar,5,,314,6,,,-1,11,100,0,120,0,5,0,0,0,56743,
240,nidoran-m,1,38.0,16,2,,3.0,6,248,50,0,20,0,4,0,0,0,43856,
241,gastrodon,4,476.0,212,10,4.0,1.0,0,29,70,0,20,0,1,0,0,0,82046,
242,lilligant,5,462.0,248,9,4.0,,3,9,50,0,20,0,2,0,0,0,96915,
243,victreebel,1,380.0,90,9,13.0,3.0,8,243,50,0,25,0,2,0,0,0,22755,
244,manaphy,5,372.0,230,7,12.0,,4,66,100,0,15,0,1,0,0,0,62179,59.0
245,taillow,3,,206,2,12.0,4.0,3,15,50,0,30,0,1,0,0,0,40679,
246,herdier,5,,172,8,12.0,,5,246,50,0,20,0,4,0,0,0,10168,
247,squirtle,1,1.0,5,9,9.0,3.0,4,202,70,0,35,0,2,0,0,0,80236,48.0
248,floette,5,,371,3,,,1,15,0,0,120,0,1,0,0,0,5105,138.0
249,omanyte,1,,112,8,11.0,3.0,6,185,70,0,20,0,1,0,0,0,13714,91.0
250,minccino,5,,353,2,3.0,,1,61,50,0,20,0,4,0,0,0,8843,
251,swanna,5,,224,9,3.0,,6,248,50,1,20,0,2,0,0,0,71385,
252,octillery,2,,72,6,1.0,,0,28,70,0,20,1,2,1,0,0,52017,55.0
253,pachirisu,3,241.0,158,2,8.0,9.0,3,13,70,0,20,0,4,0,0,0,72099,82.0
254,rowlet,8,265.0,251,9,,,1,62,70,0,35,0,2,0,0,1,8319,
255,vigoroth,3,,129,9,6.0,,4,63,50,0,15,0,2,0,0,0,35577,65.0
256,kyogre,3,431.0,167,7,5.0,7.0,5,9,70,0,20,1,2,0,0,0,978,
257,servine,2,,233,6,,,4,22,50,0,15,1,3,0,0,0,30503,
258,hatenna,8,528.0,430,2,5.0,,5,145,50,0,20,0,1,1,0,0,79480,
259,castform,1,,170,2,10.0,4.0,4,3,50,0,15,1,4,0,0,0,57567,
260,natu,1,357.0,130,7,5.0,3.0,0,6,35,0,120,0,2,0,0,1,12305,
261,pansage,2,468.0,219,3,,,2,123,50,0,25,0,2,0,0,0,90599,73.0
262,swadloon,6,,246,5,13.0,4.0,0,62,0,1,20,0,2,0,0,0,70467,
263,glastrier,8,622.0,475,3,3.0,,2,13,50,0,40,0,2,0,0,0,26176,110.0
264,steelix,3,,119,9,13.0,4.0,1,136,50,0,20,0,2,0,0,0,87192,
265,darumaka,5,492.0,272,2,14.0,2.0,5,81,50,0,20,0,2,1,0,0,76705,
266,dragonair,1,,88,3,3.0,,5,50,35,0,20,0,2,0,0,0,81288,103.0
267,goodra,7,,329,5,,3.0,-1,4,35,0,30,0,2,0,0,0,78515,
268,raichu,1,229.0,15,6,4.0,3.0,4,140,50,0,20,0,4,0,0,0,85794,
269,floatzel,4,467.0,254,5,5.0,3.0,4,24,50,0,20,0,4,0,1,0,45530,150.0
270,terrakion,5,593.0,280,5,2.0,,2,189,70,0,20,0,1,0,0,0,39921,115.0
271,grimmsnarl,8,,455,3,3.0,,0,6,35,0,120,0,2,0,1,0,36338,97.0
272,shiinotic,5,335.0,369,3,7.0,,-1,7,50,0,20,0,6,0,0,0,14621,
273,zacian,8,,470,2,12.0,,0,3,50,0,20,0,4,0,0,0,82687,
274,tentacruel,1,378.0,32,5,3.0,4.0,1,144,50,0,30,0,1,0,0,0,14738,
275,lugia,2,203.0,102,3,4.0,3.0,5,75,50,0,20,0,2,0,0,0,68017,
276,shiftry,4,,102,4,9.0,,-1,3,70,0,20,0,4,0,0,0,29073,
277,bounsweet,8,,412,2,2.0,,2,87,50,0,20,1,2,0,1,0,84424,
278,flareon,2,162.0,15,3,5.0,3.0,1,224,50,0,20,1,4,0,0,0,96342,109.0
279,dwebble,4,,330,8,7.0,2.0,4,7,50,0,40,0,4,0,0,0,61799,73.0
280,cosmog,7,,393,10,10.0,,0,49,50,0,20,0,2,0,0,0,75615,141.0
281,dugtrio,1,230.0,12,10,6.0,8.0,5,128,50,0,15,0,1,0,0,0,70903,
282,turtonator,8,,389,8,,,2,5,50,0,15,0,2,0,0,0,96834,
283,thundurus,7,,371,5,11.0,,0,182,50,0,20,0,4,0,0,1,40288,
284,leafeon,5,,196,10,8.0,2.0,6,126,50,0,20,0,4,0,0,0,5968,69.0
285,ledian,2,1.0,53,2,12.0,3.0,4,153,100,0,15,1,3,0,0,0,73108,
286,vaporeon,1,,114,5,11.0,4.0,2,57,50,0,20,1,2,0,0,0,79827,
287,froslass,4,218.0,191,2,10.0,,5,219,50,0,20,0,2,0,0,0,31955,
288,seviper,3,398.0,113,2,,2.0,2,200,50,0,20,0,4,0,0,0,80523,
289,diancie,7,,369,3,9.0,,6,147,70,0,20,0,2,0,0,0,6272,
290,drifloon,3,509.0,212,2,8.0,2.0,2,6,50,0,20,0,2,1,0,0,85552,
291,polteageist,8,,451,9,2.0,,3,51,50,0,15,0,3,0,0,0,80158,
292,treecko,1,423.0,137,7,14.0,,1,27,70,0,80,1,2,0,0,0,47425,
293,raboot,7,,423,10,3.0,,0,4,35,0,40,0,1,0,0,0,29381,
294,venomoth,1,,19,1,6.0,,7,61,50,0,15,0,2,0,0,0,58756,69.0
295,lopunny,6,108.0,135,4,10.0,4.0,3,73,35,0,35,0,2,0,0,0,3423,
296,hattrem,7,400.0,424,3,3.0,,2,166,50,0,20,0,2,0,0,0,19101,
297,mankey,1,146.0,24,8,5.0,3.0,2,82,70,0,20,0,1,0,0,0,66233,
298,mandibuzz,4,619.0,384,9,11.0,,0,34,70,0,25,0,1,0,0,0,65332,
299,heracross,2,196.0,60,4,7.0,,3,22,50,0,20,0,4,0,0,0,42883,115.0
300,castform,4,612.0,174,6,14.0,,2,59,35,0,25,0,4,0,0,0,66933,
301,carvanha,2,,191,3,,6.0,3,26,0,0,30,0,4,0,0,0,46752,
302,sunflora,2,,139,6,8.0,2.0,1,6,100,0,20,0,4,1,0,0,70120,
303,wooper,2,223.0,117,4,,8.0,-1,5,50,0,40,0,2,1,0,0,39048,
304,aggron,2,,171,2,,9.0,3,181,50,0,20,0,1,0,0,0,5597,
305,lunala,7,448.0,446,9,5.0,,-1,16,50,0,120,0,2,0,1,0,34081,
306,chingling,2,235.0,217,5,2.0,1.0,1,59,70,0,20,0,2,0,0,0,89009,
307,swanna,5,,260,7,,9.0,3,222,50,0,15,0,4,0,0,1,51046,
308,thwackey,7,,414,3,6.0,,8,148,70,0,20,0,2,0,0,0,36648,
309,anorith,3,,183,7,7.0,,1,10,50,0,20,0,3,0,0,0,78383,
310,stunfisk,5,,299,7,,2.0,3,3,50,0,25,0,1,0,1,0,97771,64.0
311,anorith,1,,158,5,14.0,8.0,0,61,50,0,15,1,4,0,0,0,23116,
312,mew,2,,55,2,1.0,7.0,0,18,35,0,25,0,4,0,0,0,91611,
313,zorua,3,,365,4,13.0,,7,3,70,0,120,0,2,0,0,0,4261,
314,poliwhirl,1,,21,2,5.0,4.0,-1,6,50,0,20,0,4,0,0,0,46857,
315,mewtwo,1,473.0,62,1,,,-1,97,35,0,20,0,2,0,0,0,65029,
316,grumpig,3,,190,7,2.0,,6,12,50,0,20,0,1,1,0,0,56262,
317,froakie,4,,297,3,5.0,,-1,22,50,0,80,0,3,0,0,0,71656,
318,mawile,3,,110,6,4.0,,6,48,70,0,120,0,2,0,0,0,47522,
319,ho-oh,2,,128,4,3.0,2.0,7,228,50,0,20,0,2,0,0,0,2060,
320,magby,1,,55,1,4.0,6.0,-1,18,70,0,40,0,1,0,1,0,88680,
321,kabutops,1,,71,8,8.0,,-1,4,70,0,20,0,4,1,0,0,44099,75.0
322,pinsir,2,,104,2,13.0,3.0,7,150,50,0,20,0,4,0,0,0,72911,54.0
323,crobat,3,,85,4,9.0,,7,197,50,0,20,0,2,0,0,0,429,
324,abra,1,,41,2,,9.0,1,144,50,0,25,0,1,0,0,0,99026,56.0
325,oshawott,5,486.0,216,4,12.0,,0,3,50,0,15,0,1,1,0,0,48007,
326,golduck,2,,11,8,2.0,,6,243,50,0,20,0,4,0,0,0,37755,
327,sawk,5,627.0,291,2,8.0,2.0,7,37,50,0,10,0,2,0,0,0,49035,
328,milcery,8,645.0,464,8,12.0,,-1,9,50,0,20,0,4,0,0,1,27691,63.0
329,cosmoem,5,,420,10,4.0,,6,21,50,0,15,0,3,0,1,0,2381,
330,shaymin,4,216.0,304,3,7.0,2.0,5,89,50,0,15,0,2,0,0,0,11938,
331,rampardos,3,490.0,175,5,,,6,113,70,0,120,0,2,0,0,0,56807,55.0
332,shellder,1,,20,1,3.0,3.0,8,231,50,0,20,1,2,0,0,0,3721,
333,slugma,3,,100,7,8.0,,0,185,35,0,20,0,4,0,0,0,75326,
334,meowth,1,142.0,12,2,3.0,2.0,4,135,50,0,20,0,2,0,0,0,79941,
335,poliwrath,1,,8,2,8.0,3.0,4,150,50,0,20,0,1,0,0,0,29988,70.0
336,illumise,4,392.0,167,6,7.0,,5,118,50,0,15,0,2,0,0,0,17147,
337,vulpix,1,401.0,22,8,6.0,3.0,0,3,50,0,20,1,4,0,0,0,33831,
338,darmanitan,7,366.0,258,5,12.0,,2,188,50,0,20,0,4,0,0,0,97981,
339,hatenna,7,,390,10,5.0,,0,119,50,0,20,0,2,0,0,0,6786,
340,kricketune,5,568.0,141,4,10.0,,7,140,35,0,20,0,2,0,0,0,12870,
341,solrock,5,344.0,192,8,10.0,,3,222,50,1,20,0,1,0,0,0,40193,
342,magmortar,4,,211,9,8.0,9.0,4,19,70,0,20,0,2,0,0,0,99455,
343,espeon,3,,123,9,6.0,7.0,-1,5,70,0,15,0,4,0,0,0,72261,
344,ariados,1,302.0,87,10,8.0,3.0,2,16,50,0,15,0,2,0,0,0,59632,93.0
345,riolu,2,441.0,269,2,8.0,,8,63,50,0,20,1,2,0,0,0,63517,152.0
346,grimer,1,192.0,18,6,9.0,,1,4,70,0,20,0,2,0,0,0,5902,
347,applin,8,,354,5,5.0,,1,4,0,0,25,0,2,0,0,0,62628,
348,tyrantrum,7,,357,2,1.0,,7,45,50,0,20,0,2,0,0,0,53068,80.0
349,ninetales,1,436.0,57,2,7.0,9.0,3,136,50,0,20,1,2,0,0,0,32052,
350,arctovish,8,649.0,468,5,9.0,,0,91,50,0,40,0,1,1,0,0,878,73.0
351,wishiwashi,5,,369,9,6.0,9.0,2,3,50,0,25,0,1,0,0,0,30807,
352,wailmer,3,447.0,111,2,7.0,,4,25,50,0,20,1,4,1,0,0,39576,
353,fearow,1,248.0,14,9,9.0,8.0,7,252,50,0,20,1,2,0,0,0,16920,
354,chikorita,1,,59,9,7.0,4.0,0,3,50,0,20,0,4,0,0,0,98877,
355,vileplume,1,299.0,13,2,9.0,8.0,6,52,50,0,20,0,2,0,0,0,55442,
356,samurott,2,,177,7,4.0,2.0,-1,57,0,0,120,0,2,1,1,0,91193,44.0
357,kabutops,3,,72,8,2.0,4.0,3,241,50,0,20,0,4,0,0,0,67508,
358,shedinja,2,241.0,88,4,5.0,9.0,-1,7,50,0,10,0,2,0,0,0,9551,
359,sawk,5,629.0,310,7,1.0,,-1,29,50,0,20,0,2,0,1,0,2563,
360,monferno,2,542.0,242,1,9.0,6.0,4,133,50,0,15,0,2,0,0,0,75735,
361,kommo-o,6,,436,2,6.0,,-1,18,50,0,120,0,2,0,0,0,81655,
362,dragalge,6,,324,7,14.0,,7,36,50,0,20,0,4,0,0,0,13835,69.0
363,spewpa,5,,402,10,3.0,,2,18,50,0,20,0,2,0,0,0,42012,
364,swellow,3,,99,2,11.0,,5,231,50,0,20,0,2,0,0,0,38764,
365,tepig,6,525.0,241,6,7.0,,2,116,0,0,20,0,4,1,0,0,2158,104.0
366,jellicent,5,434.0,346,1,2.0,,8,122,50,0,20,0,4,0,0,1,70834,123.0
367,clawitzer,5,398.0,392,2,10.0,,-1,80,50,0,20,0,4,0,0,0,41309,
368,whirlipede,5,500.0,288,2,3.0,,-1,59,50,0,20,0,1,0,0,0,63160,
369,cosmog,7,,379,3,10.0,,7,47,70,0,20,1,2,0,0,0,26673,53.0
370,golett,5,,264,2,11.0,7.0,0,5,50,0,30,0,4,0,0,0,28262,
371,froakie,5,,363,6,12.0,5.0,7,157,50,0,40,0,2,0,0,0,20429,
372,burmy,5,295.0,160,3,5.0,,1,10,50,0,20,0,1,1,0,0,90282,132.0
373,chandelure,5,,426,4,6.0,9.0,2,14,0,0,20,0,2,0,0,0,30389,
374,staravia,3,306.0,266,8,11.0,7.0,6,15,50,0,20,0,2,0,0,0,63529,
375,gyarados,3,494.0,31,5,11.0,,3,120,50,0,15,1,4,0,0,0,92324,
376,houndoom,3,,56,8,5.0,6.0,0,36,50,0,20,1,1,0,0,0,81690,
377,claydol,3,,163,2,8.0,,5,6,70,0,20,0,1,0,0,0,18474,
378,arrokuda,8,,464,9,,,0,30,70,0,25,0,2,0,0,0,43379,
379,vivillon,6,198.0,264,5,,,1,64,50,0,20,0,2,1,0,0,3770,
380,porygon,3,,109,9,9.0,9.0,-1,26,50,0,15,0,2,0,0,0,49924,
381,helioptile,5,,323,1,6.0,7.0,-1,8,50,0,25,0,1,0,0,0,42145,
382,relicanth,4,470.0,117,8,7.0,,7,36,50,0,15,0,3,1,0,0,86631,88.0
383,guzzlord,8,428.0,362,8,9.0,,4,24,50,0,20,0,2,0,0,0,36166,
384,spectrier,8,,476,10,1.0,,-1,193,70,0,80,0,2,0,0,0,73972,
385,corsola,2,,110,7,4.0,9.0,6,49,50,0,20,0,1,0,1,0,53436,
386,serperior,5,207.0,248,4,11.0,,4,63,50,0,20,0,4,0,0,0,43291,95.0
387,magnezone,6,,179,9,,6.0,5,126,50,0,20,0,2,0,0,0,1492,110.0
388,dragalge,7,,371,8,,,4,13,70,0,30,1,4,0,0,0,90306,
389,heracross,4,,100,5,8.0,2.0,1,37,70,0,25,0,3,0,0,0,46419,95.0
390,nidoqueen,1,275.0,6,2,11.0,4.0,0,34,35,0,20,0,4,1,0,0,33592,
391,mudbray,5,366.0,311,3,8.0,,3,156,50,0,20,0,4,0,0,0,30350,
392,kommo-o,6,,312,3,8.0,,0,6,35,0,15,0,1,0,0,0,37867,
393,morgrem,8,,428,3,6.0,,1,34,50,0,10,0,1,0,0,0,85267,
394,dialga,4,368.0,245,3,7.0,3.0,0,3,70,0,40,0,5,0,0,0,1795,125.0
395,machop,2,184.0,14,8,6.0,8.0,-1,3,70,0,20,0,4,0,0,0,42275,
396,slugma,2,,63,2,1.0,9.0,1,4,35,0,20,0,2,0,0,0,76449,
397,raichu,1,465.0,27,2,4.0,4.0,2,202,50,0,20,0,4,0,0,0,10136,
398,tapu-bulu,7,,333,3,,,0,16,70,0,20,0,2,0,0,0,21017,
399,lucario,4,,165,8,5.0,8.0,0,45,35,0,15,1,4,0,0,0,78063,
400,dodrio,1,,18,7,5.0,8.0,2,3,70,0,15,0,1,0,0,0,5451,
401,espeon,3,,69,5,11.0,3.0,1,160,70,0,20,0,4,0,0,0,34059,
402,herdier,5,,246,3,14.0,2.0,8,136,0,0,20,0,4,0,0,0,50244,105.0
403,dhelmise,7,,328,8,7.0,,4,111,50,0,15,1,5,0,0,0,79368,71.0
404,azelf,5,,304,2,11.0,9.0,2,6,100,0,15,0,5,0,0,0,57903,
405,pinsir,1,140.0,51,1,4.0,,0,14,50,0,25,0,1,0,0,0,92503,
406,octillery,1,,120,5,12.0,3.0,6,141,50,0,20,0,2,1,0,0,35189,
407,vigoroth,2,,70,7,13.0,,-1,3,70,0,120,0,4,0,1,0,25460,
408,caterpie,1,213.0,7,5,9.0,4.0,6,162,50,0,20,0,2,0,0,0,22365,
409,charizard,1,252.0,3,10,13.0,2.0,5,99,70,0,20,0,1,0,0,0,75594,
410,sewaddle,5,517.0,259,4,13.0,,4,227,50,0,5,0,2,0,0,0,27971,
411,slaking,2,398.0,200,7,12.0,8.0,4,18,70,0,15,0,6,0,1,0,97726,
412,ambipom,4,,241,2,3.0,2.0,6,81,50,0,20,1,2,0,0,0,42451,
413,minun,2,274.0,188,2,5.0,,6,9,70,0,20,0,2,0,0,0,12799,
414,lycanroc,3,339.0,431,6,7.0,,-1,192,70,0,120,0,6,0,0,0,9145,
415,wormadam,2,366.0,231,3,8.0,6.0,1,4,50,0,120,0,1,0,0,0,23789,
416,trubbish,5,,274,3,3.0,,8,30,50,0,20,0,1,0,0,0,54233,
417,ribombee,7,428.0,387,6,9.0,,2,70,50,0,20,0,1,0,0,0,11009,
418,basculin,5,424.0,261,7,,,8,157,50,0,20,1,4,0,0,0,1399,
419,geodude,1,148.0,29,6,6.0,8.0,1,48,0,0,40,0,1,0,0,0,45752,
420,frosmoth,8,649.0,449,5,8.0,,4,56,50,0,25,0,4,0,0,0,87561,
421,butterfree,1,,7,8,9.0,3.0,6,53,50,0,20,1,1,1,0,0,98600,
422,rillaboom,8,,410,3,10.0,,1,30,50,0,15,0,4,0,0,0,5596,
423,aegislash,5,,289,3,2.0,,0,9,70,0,35,0,5,0,0,0,48035,
424,buneary,3,283.0,246,1,7.0,8.0,1,7,90,0,15,0,1,0,0,0,85834,130.0
425,taillow,2,,134,2,,,4,14,50,0,120,0,2,0,0,0,54196,
426,wartortle,1,,4,2,8.0,3.0,1,48,50,0,20,0,2,0,0,0,7979,
427,throh,2,,322,7,7.0,,0,12,35,0,15,0,1,0,1,0,57304,
428,torracat,7,,391,3,4.0,,1,34,50,0,20,0,2,0,0,0,51671,
429,dustox,3,251.0,128,3,14.0,4.0,0,4,50,0,25,0,1,0,0,0,51512,
430,zekrom,6,493.0,316,9,8.0,1.0,3,19,70,0,25,0,1,0,0,0,56116,
431,starmie,1,,39,5,5.0,1.0,0,5,50,0,120,1,4,0,0,0,72035,
432,delibird,3,296.0,41,10,10.0,2.0,5,25,50,0,25,0,4,0,0,0,71741,
433,purugly,1,152.0,250,7,3.0,2.0,3,229,70,0,20,0,2,0,0,0,30897,109.0
434,minior,7,,355,3,,,0,64,50,0,20,0,2,0,0,0,57864,
435,kingdra,3,,98,2,11.0,,2,17,50,0,15,0,1,0,0,0,84345,
436,rhyperior,6,564.0,212,5,9.0,,4,5,50,0,20,0,2,0,0,0,78773,
437,skitty,3,,260,2,,,0,77,50,0,20,0,2,0,0,0,53133,64.0
438,milotic,3,511.0,201,3,3.0,2.0,0,14,35,0,120,0,1,0,0,0,48760,
439,shellder,1,,53,4,12.0,3.0,1,3,35,0,30,0,1,0,0,0,28386,134.0
440,deerling,7,623.0,360,7,,1.0,4,60,50,0,20,0,1,0,0,0,90571,
441,pidgey,1,,3,5,3.0,5.0,7,214,50,0,20,1,4,0,0,0,86444,
442,ludicolo,3,370.0,92,9,1.0,,2,38,50,0,40,0,2,0,0,0,91748,93.0
443,cufant,8,891.0,474,8,3.0,,-1,3,70,0,30,0,6,0,1,0,66095,
444,roselia,4,,189,2,8.0,,2,11,50,0,20,0,4,0,0,0,15810,80.0
445,mothim,4,266.0,106,3,2.0,1.0,2,3,50,0,15,0,1,0,0,0,37317,
446,zapdos,3,295.0,166,4,3.0,1.0,7,159,70,0,20,0,2,0,0,0,17387,
447,pansage,5,,194,10,4.0,,5,227,70,0,20,0,2,0,0,0,63349,
448,snom,8,617.0,469,7,5.0,,0,176,50,0,20,0,2,0,0,0,16953,
449,eelektrik,8,580.0,247,2,11.0,,5,125,50,0,15,0,2,0,0,0,20677,50.0
450,gible,2,,160,8,7.0,,0,7,50,0,20,1,4,0,0,0,10602,
451,cryogonal,6,,182,10,11.0,2.0,6,189,50,0,20,0,4,0,0,0,86316,
452,jellicent,4,408.0,308,3,4.0,,-1,45,50,0,25,0,2,0,1,0,78748,
453,exploud,2,377.0,151,5,8.0,,1,81,70,0,20,0,3,0,0,0,84566,
454,ekans,1,180.0,7,5,4.0,2.0,7,248,50,0,20,0,1,0,0,0,52045,138.0
455,toxapex,7,320.0,358,9,12.0,,2,13,70,0,80,0,1,0,0,0,92695,111.0
456,pineco,3,,34,2,3.0,2.0,5,117,50,0,20,0,2,0,0,0,13769,
457,furret,1,231.0,35,9,8.0,8.0,5,182,70,0,20,0,4,0,0,1,10437,
458,wailord,3,,174,7,3.0,3.0,3,118,70,0,20,1,4,0,0,0,97325,
459,masquerain,3,,128,3,13.0,1.0,0,3,50,0,20,0,2,0,0,0,21017,
460,seaking,1,,20,10,11.0,,3,84,50,0,20,0,3,0,0,0,52533,
461,eelektrik,6,,305,4,11.0,,3,180,50,0,20,0,2,0,0,0,96044,
462,meltan,7,475.0,399,2,5.0,,1,8,50,0,20,0,6,0,0,0,97125,
463,azurill,3,,124,3,12.0,4.0,3,139,50,0,20,0,4,1,1,0,36725,128.0
464,clawitzer,5,,225,2,11.0,,3,22,50,0,120,0,4,0,0,0,8188,
465,jolteon,1,,47,9,11.0,3.0,2,109,100,0,15,0,3,0,0,0,32817,
466,mienfoo,5,,424,2,4.0,1.0,-1,41,50,0,120,0,1,0,0,0,77495,58.0
467,zweilous,5,,236,7,2.0,2.0,3,224,50,0,15,0,1,0,0,0,2107,
468,chansey,3,414.0,57,3,10.0,3.0,7,255,50,0,20,0,4,0,0,0,22540,
469,exeggutor,1,,66,2,,3.0,3,205,35,0,20,0,4,0,0,0,86964,109.0
470,breloom,3,346.0,173,6,5.0,9.0,6,113,70,0,15,0,1,0,0,0,89527,
471,kirlia,5,295.0,160,5,3.0,4.0,-1,26,70,0,20,0,4,0,1,0,35123,
472,toxtricity,8,798.0,459,10,9.0,,2,129,50,0,40,0,2,0,0,0,49563,
473,thwackey,7,376.0,426,4,13.0,,-1,3,70,0,120,0,1,0,0,0,86242,
474,forretress,2,248.0,99,8,10.0,,0,74,50,0,20,0,4,0,0,0,68201,
475,whimsicott,7,,148,6,9.0,2.0,1,12,70,0,15,0,4,0,0,0,44255,
476,rayquaza,2,,219,5,12.0,2.0,4,75,50,0,20,0,2,0,0,0,39963,81.0
477,weepinbell,3,221.0,28,3,13.0,3.0,4,65,50,0,20,0,2,0,0,0,69761,
478,emolga,7,,324,5,10.0,,2,73,50,0,20,0,2,1,0,0,12867,
479,pignite,5,290.0,112,10,11.0,9.0,2,4,140,0,20,0,2,1,0,0,28602,
480,pignite,4,,298,3,10.0,7.0,5,211,50,0,20,1,2,0,0,0,95071,
481,jolteon,1,331.0,102,7,13.0,4.0,2,41,50,0,20,0,2,0,0,0,51207,117.0
482,ninetales,1,,8,6,3.0,,3,5,70,0,20,0,1,0,1,0,32575,
483,kartana,5,596.0,389,3,7.0,,0,5,70,0,80,0,3,0,0,0,67182,
484,chansey,1,343.0,94,5,7.0,3.0,4,19,70,0,20,0,4,0,0,0,36670,95.0
485,bayleef,1,,25,7,13.0,3.0,1,4,35,0,120,0,1,0,0,0,12524,
486,lombre,4,,142,4,4.0,3.0,3,18,50,0,20,0,5,0,0,0,39672,
487,teddiursa,1,343.0,69,5,10.0,,5,127,35,0,20,1,4,0,0,0,17818,
488,whiscash,5,,165,10,5.0,1.0,8,153,140,0,20,0,2,0,0,0,21233,
489,chimchar,4,,110,7,8.0,7.0,0,3,70,0,30,0,5,0,0,0,24879,
490,gliscor,5,401.0,303,9,5.0,,-1,3,70,0,120,0,2,0,1,0,11307,
491,dubwool,8,633.0,459,3,4.0,,2,76,50,0,20,0,2,0,0,1,24398,115.0
492,torterra,3,398.0,167,10,9.0,,2,20,50,0,20,0,1,0,0,0,4209,
493,crabrawler,5,561.0,413,2,5.0,,-1,3,70,0,30,0,1,0,1,0,72024,126.0
494,buizel,6,,201,8,7.0,1.0,8,154,50,0,20,0,1,0,0,0,64781,
495,silcoon,2,,95,3,6.0,5.0,2,11,50,0,10,1,4,0,0,0,31640,
496,jumpluff,2,258.0,47,2,8.0,,0,3,70,0,40,0,4,0,0,1,91742,56.0
497,psyduck,1,,37,10,8.0,3.0,5,174,50,1,20,0,2,0,0,0,79832,
498,hypno,1,,12,2,10.0,6.0,4,109,50,0,20,0,1,0,0,0,26991,
499,minior,7,284.0,382,2,12.0,,0,230,50,0,40,0,2,0,0,0,21464,
500,panpour,6,,282,7,9.0,,-1,4,0,0,20,0,2,0,0,0,23713,
501,espurr,6,,318,2,10.0,,7,224,50,0,20,0,4,0,0,0,69674,
502,yamask,6,,309,9,11.0,,7,109,50,0,20,0,4,0,0,0,74535,
503,cosmoem,6,,406,9,14.0,,1,13,140,0,25,0,2,0,0,0,4380,
504,charmander,1,1.0,1,7,10.0,7.0,1,168,50,0,20,0,2,0,0,0,51376,
505,landorus,5,,297,5,4.0,,2,7,70,1,20,1,3,0,0,0,99531,
506,deerling,4,,251,6,13.0,,5,75,70,0,20,0,1,1,0,0,36048,85.0
507,moltres,1,1.0,33,7,9.0,2.0,7,107,50,0,15,0,2,0,0,0,84827,
508,vileplume,1,,6,8,5.0,9.0,3,29,50,0,20,0,2,0,0,0,94249,
509,sharpedo,3,,113,2,13.0,7.0,-1,3,35,0,120,1,1,0,0,0,7968,72.0
510,qwilfish,2,,31,10,7.0,,6,199,50,0,20,0,2,0,0,0,32679,
511,rhyhorn,1,,33,5,5.0,6.0,8,170,50,0,20,0,2,0,0,0,11833,81.0
512,emboar,4,,237,5,4.0,7.0,0,19,70,0,120,0,3,0,0,0,5602,125.0
513,lotad,1,,121,4,4.0,3.0,3,254,50,0,25,0,2,0,0,0,60885,
514,shaymin,3,,325,10,11.0,,1,24,50,0,120,0,6,0,0,0,48777,
515,wingull,5,,167,10,9.0,6.0,6,232,50,0,20,0,2,0,0,0,23400,
516,seismitoad,7,377.0,271,10,7.0,6.0,-1,4,35,0,120,0,1,0,0,0,51130,
517,dewpider,5,,386,3,5.0,,2,223,50,0,15,0,2,0,0,1,18558,
518,zweilous,5,333.0,266,7,,,3,23,35,0,20,0,2,0,0,0,15063,142.0
519,toxicroak,3,378.0,97,1,2.0,,6,28,50,0,20,0,1,0,0,0,63038,
520,serperior,4,,264,7,,,-1,4,50,0,25,0,2,0,0,0,37478,129.0
521,shieldon,4,,240,3,4.0,,7,175,50,0,20,0,4,0,0,0,68455,83.0
522,venusaur,1,,1,4,2.0,4.0,5,128,50,0,20,1,2,0,0,0,97513,
523,eiscue,8,794.0,467,5,4.0,,1,17,50,0,20,0,4,0,0,0,54474,
524,xatu,2,,171,8,13.0,,4,52,35,0,15,0,4,0,0,0,47753,
525,manaphy,5,453.0,212,3,3.0,3.0,4,14,70,0,40,0,2,0,0,0,52673,
526,talonflame,7,,359,9,7.0,,7,251,50,0,20,1,4,0,0,0,95037,
527,rampardos,3,,255,8,7.0,,3,21,70,0,20,0,2,0,0,0,726,105.0
528,rampardos,4,588.0,218,2,,,1,201,70,0,15,0,2,0,0,0,93560,
529,dracozolt,8,,443,10,4.0,,0,7,70,0,20,0,1,0,0,0,85384,110.0
530,charjabug,5,,406,7,12.0,,-1,3,100,0,15,1,2,1,1,1,82620,115.0
531,kingler,1,,22,7,8.0,6.0,6,161,50,0,20,1,2,0,0,0,31949,
532,florges,7,444.0,322,7,9.0,,0,73,70,0,40,0,2,0,0,0,48287,
533,jynx,1,226.0,11,10,11.0,9.0,3,3,70,0,25,0,1,0,0,0,86919,117.0
534,blaziken,3,,112,4,10.0,3.0,3,3,70,0,120,0,3,0,0,0,83874,
535,nuzleaf,3,256.0,100,2,5.0,,0,45,50,0,80,0,4,0,0,0,60696,104.0
536,kirlia,2,181.0,71,7,12.0,9.0,6,9,70,0,25,0,2,0,0,0,97114,
537,heatmor,7,406.0,245,7,7.0,,3,49,70,0,25,0,2,0,0,0,12281,
538,trumbeak,7,,398,10,,,5,149,50,0,20,0,3,0,0,0,57435,142.0
539,liepard,4,141.0,215,5,13.0,,7,100,70,0,15,0,1,0,0,1,56686,
540,spinda,2,,62,5,8.0,3.0,8,181,70,0,20,0,2,0,0,0,30494,
541,zigzagoon,5,,151,5,12.0,,7,151,50,0,20,0,4,0,0,0,49453,
542,froslass,4,,341,3,7.0,,2,27,70,0,120,0,4,0,0,0,8212,
543,sirfetchd,7,436.0,409,4,8.0,,0,8,50,0,20,0,2,0,0,0,96602,136.0
544,yanma,3,,107,7,,,3,112,35,0,30,0,2,0,0,0,79590,
545,delibird,2,130.0,34,5,8.0,9.0,8,254,50,0,20,0,3,0,0,0,10080,
546,exeggutor,2,35.0,31,5,6.0,7.0,7,207,50,0,20,0,2,1,0,0,55665,
547,happiny,3,350.0,227,1,6.0,,0,5,100,0,120,0,1,0,1,0,3298,147.0
548,poochyena,4,393.0,85,5,13.0,9.0,2,7,50,0,30,0,1,0,1,0,762,
549,guzzlord,7,722.0,364,2,10.0,,-1,19,50,0,35,0,3,0,0,0,11094,84.0
550,cufant,8,,455,9,10.0,,2,59,35,0,20,0,4,0,0,0,18680,
551,dewpider,8,279.0,318,4,6.0,,4,7,35,0,20,0,2,0,0,0,63270,55.0
552,palossand,8,673.0,378,3,,,1,235,50,0,25,0,3,0,0,0,15504,
553,cacnea,3,465.0,227,9,11.0,,4,10,100,0,15,0,2,0,0,0,779,
554,kingler,3,,83,3,,1.0,1,98,50,0,20,0,4,0,0,0,56652,127.0
555,skuntank,5,419.0,176,3,4.0,,0,132,50,0,15,0,4,0,0,0,9938,84.0
556,cutiefly,6,717.0,387,5,11.0,,2,4,50,0,120,0,2,0,0,0,76659,
557,shroomish,3,373.0,135,3,8.0,7.0,0,21,70,0,20,0,2,0,0,0,70605,
558,magmortar,6,360.0,198,5,11.0,,6,171,50,0,15,1,4,0,0,0,91880,
559,indeedee,8,624.0,472,2,7.0,8.0,3,18,50,0,20,0,4,0,0,0,54728,
560,toxel,8,767.0,439,3,9.0,,-1,3,70,0,20,0,3,0,0,0,27190,
561,herdier,5,,115,2,5.0,,7,202,50,0,20,0,1,0,0,0,47267,
562,politoed,3,359.0,84,2,10.0,,0,206,50,0,20,1,4,0,0,0,29423,
563,swalot,5,280.0,58,4,8.0,,2,24,50,0,20,0,6,0,0,0,1839,121.0
564,darumaka,5,,294,3,,,-1,3,35,0,25,0,1,0,0,0,27279,124.0
565,magearna,8,623.0,376,5,7.0,,6,60,50,0,20,0,2,0,0,0,22397,
566,poliwag,1,,60,6,13.0,9.0,6,95,50,0,20,0,2,0,0,1,38691,60.0
567,drakloak,8,,445,6,7.0,,-1,3,70,0,40,0,2,1,0,0,58947,
568,sandile,3,,340,9,12.0,6.0,0,4,50,0,20,0,1,0,0,0,63012,
569,dragonite,1,,124,1,1.0,2.0,6,186,50,0,20,0,1,0,0,0,57409,105.0
570,elgyem,6,479.0,265,3,12.0,,2,219,50,0,20,0,2,0,0,1,81164,
571,unfezant,5,,173,4,8.0,,-1,4,0,0,35,0,1,0,0,0,79410,
572,camerupt,3,235.0,141,2,4.0,,3,117,35,0,15,0,1,0,0,0,37515,
573,hippowdon,6,392.0,185,2,,8.0,-1,37,35,0,20,0,4,0,0,0,79593,
574,cubchoo,7,,321,8,12.0,,5,30,50,0,120,0,1,0,0,0,93196,132.0
575,elgyem,6,,345,5,10.0,,5,107,50,0,20,0,1,0,0,0,63368,
576,vaporeon,1,,51,10,10.0,3.0,1,5,50,0,30,0,2,0,0,0,18337,
577,snubbull,2,348.0,57,5,5.0,4.0,0,18,50,0,25,1,2,1,0,0,69902,
578,jellicent,6,,325,5,5.0,2.0,2,24,70,0,40,0,2,0,0,0,58425,
579,scatterbug,6,,347,3,7.0,,2,14,50,0,15,0,1,0,0,0,39809,97.0
580,whimsicott,5,,175,2,3.0,8.0,0,200,70,0,20,0,2,0,0,0,34348,
581,shiftry,1,,110,2,,8.0,1,73,35,0,20,0,2,0,0,0,58962,
582,vaporeon,1,,130,2,10.0,4.0,1,29,50,0,15,0,4,0,0,0,42538,
583,nickit,5,395.0,407,9,10.0,,4,66,0,0,15,0,2,0,0,0,1746,
584,liepard,4,,341,10,10.0,,0,50,70,0,20,0,2,0,0,0,40448,159.0
585,baltoy,3,,239,10,2.0,,1,21,100,0,40,0,2,0,0,0,54794,
586,aerodactyl,1,322.0,64,5,1.0,4.0,2,6,100,0,15,0,1,0,0,0,38686,
587,riolu,2,,168,9,2.0,6.0,0,3,50,0,20,0,4,0,0,0,53209,
588,ampharos,2,344.0,153,8,12.0,3.0,-1,13,70,0,20,1,3,0,0,0,64719,
589,lampent,3,,280,3,,,3,17,50,0,15,0,1,1,0,0,48479,
590,celebi,3,178.0,149,9,13.0,,8,193,50,0,20,0,2,0,0,0,7396,
591,meowth,1,554.0,29,5,8.0,7.0,8,169,50,0,20,0,4,0,0,0,34278,
592,chandelure,5,480.0,277,6,2.0,,1,18,35,0,20,0,2,0,0,0,28200,
593,butterfree,1,,5,5,13.0,3.0,7,229,70,0,20,0,4,0,0,0,69480,
594,aipom,5,,111,9,10.0,,1,59,50,0,20,0,4,0,0,0,61010,
595,marshtomp,1,,227,4,3.0,3.0,4,42,0,0,15,0,2,0,1,0,96469,
596,plusle,3,464.0,172,10,5.0,2.0,1,3,0,0,25,0,2,0,0,0,90761,
597,sigilyph,7,,312,5,7.0,8.0,3,8,50,0,15,0,1,0,0,0,60212,
598,taillow,3,183.0,159,3,8.0,9.0,5,223,50,0,20,0,2,0,1,0,42699,
599,dragalge,7,,313,6,1.0,,2,3,50,0,35,0,4,0,1,0,84227,
600,heatmor,6,621.0,349,2,14.0,,1,24,70,0,120,0,2,0,0,0,16766,
601,durant,7,,295,2,7.0,6.0,2,82,35,0,20,0,2,0,0,0,78260,
602,herdier,4,410.0,204,8,11.0,,1,186,70,0,15,0,4,0,0,0,37739,120.0
603,horsea,1,101.0,59,5,13.0,3.0,2,224,50,0,20,1,1,0,0,0,71394,
604,greninja,5,496.0,263,9,10.0,,-1,3,0,0,120,0,2,0,0,0,61,
605,conkeldurr,5,177.0,213,10,10.0,8.0,1,213,70,0,120,0,1,0,0,0,98874,
606,nihilego,5,,414,10,,,1,236,50,0,20,0,2,0,0,0,13105,
607,hakamo-o,6,,349,2,11.0,,4,40,50,0,20,0,3,0,0,0,31184,
608,bidoof,5,,226,10,5.0,,1,131,50,0,20,1,1,0,0,0,94710,
609,flaaffy,3,331.0,53,3,7.0,4.0,2,5,50,0,20,0,3,1,0,0,46209,
610,electivire,4,,228,8,6.0,,0,4,70,0,40,0,2,0,1,0,59137,
611,tapu-fini,6,,358,9,13.0,2.0,2,225,35,0,20,0,4,0,0,0,38691,
612,slakoth,3,294.0,91,3,4.0,9.0,5,74,50,0,20,1,2,0,0,0,84386,86.0
613,salandit,7,,388,10,8.0,,5,64,50,0,20,0,2,1,0,0,46384,141.0
614,feraligatr,1,,45,4,14.0,,4,58,70,0,120,0,2,0,0,0,72504,
615,stonjourner,8,633.0,421,10,12.0,,-1,11,50,0,20,0,2,0,0,0,79016,138.0
616,chinchou,1,,99,2,9.0,5.0,0,3,50,0,120,0,2,0,0,0,18117,
617,celesteela,8,,366,10,5.0,,6,60,50,0,20,0,2,0,0,0,11543,
618,hoppip,3,256.0,35,8,11.0,,0,3,70,0,20,0,2,0,0,0,71059,
619,grubbin,7,,346,5,8.0,,6,9,50,0,20,0,3,0,0,0,74244,
620,alakazam,3,,12,9,1.0,,1,172,50,0,20,0,4,0,0,0,61067,
621,pheromosa,5,258.0,398,2,2.0,,3,3,50,0,25,0,5,0,0,0,14711,113.0
622,hoppip,1,,137,5,12.0,7.0,5,150,50,0,20,0,4,0,0,0,33737,
623,ekans,1,,6,3,7.0,3.0,3,92,50,0,20,0,4,0,0,0,60246,113.0
624,zarude,8,773.0,474,2,12.0,,-1,3,70,0,10,1,3,0,0,0,31158,
625,bronzong,5,,159,2,,3.0,1,9,50,0,20,0,2,0,0,0,25425,
626,jirachi,3,268.0,166,10,,2.0,7,135,50,0,20,1,4,0,0,0,6537,
627,hattrem,8,,461,8,13.0,,6,99,70,0,20,0,1,0,0,0,61602,
628,kabutops,1,231.0,66,3,6.0,2.0,5,67,50,0,25,1,1,0,0,0,17645,
629,cascoon,4,73.0,99,6,5.0,,5,134,50,1,20,0,2,0,0,0,94399,
630,klang,6,226.0,300,2,5.0,,3,197,50,0,20,1,1,0,0,0,65346,
631,drilbur,4,352.0,296,5,6.0,9.0,7,44,50,0,10,0,1,0,0,0,55402,
632,clefairy,1,,6,9,13.0,3.0,3,122,70,0,20,0,4,0,0,0,83906,127.0
633,wimpod,7,562.0,375,7,6.0,,7,70,50,0,20,0,4,0,0,0,91398,
634,gogoat,5,476.0,341,6,1.0,,7,21,70,0,10,0,3,0,0,0,84655,
635,spearow,1,,6,9,9.0,3.0,3,14,50,0,35,0,2,0,0,0,71309,
636,gligar,1,385.0,172,3,,4.0,6,127,70,0,20,0,3,0,0,0,24327,
637,flaaffy,2,,49,5,12.0,2.0,4,48,50,0,20,0,2,0,0,0,67773,
638,shellder,1,,40,2,10.0,4.0,0,50,50,1,15,0,4,0,0,0,50835,122.0
639,mantine,4,,31,9,1.0,6.0,5,74,50,0,20,0,4,0,0,0,16191,
640,lucario,4,,166,3,7.0,,3,12,0,0,20,0,4,0,0,0,63356,
641,excadrill,5,524.0,170,7,11.0,,4,4,70,0,15,0,1,0,0,0,63560,50.0
642,huntail,5,,122,5,13.0,7.0,5,203,70,0,35,0,2,0,0,0,93194,
643,budew,5,392.0,135,5,8.0,2.0,3,58,50,0,15,0,2,0,0,0,10225,110.0
644,rookidee,8,,403,2,6.0,,5,29,50,0,15,0,4,0,0,0,21733,
645,slowbro,1,543.0,121,8,10.0,9.0,1,126,50,0,10,0,4,0,0,0,23919,
646,slakoth,3,,130,3,5.0,,3,252,50,0,20,0,2,0,0,0,36948,136.0
647,gloom,1,,19,5,4.0,3.0,1,73,50,0,20,1,2,0,1,0,79582,65.0
648,pincurchin,7,,471,10,2.0,,3,8,50,0,25,0,4,0,0,0,39078,119.0
649,shaymin,4,,156,2,9.0,,0,3,35,0,120,0,1,0,0,0,69356,
650,metang,2,71.0,255,6,9.0,9.0,0,12,50,0,80,0,2,0,0,0,93225,
651,banette,3,417.0,95,4,11.0,4.0,8,198,50,0,20,0,1,0,0,0,88028,
652,jellicent,3,311.0,328,9,14.0,,0,22,70,0,20,0,2,0,0,0,8601,
653,anorith,1,368.0,179,4,6.0,3.0,4,7,50,0,30,0,1,0,1,0,79525,
654,mantyke,2,,182,10,8.0,,4,143,70,0,20,0,2,0,0,0,22983,101.0
655,beedrill,1,,6,10,7.0,3.0,0,5,140,0,35,1,2,0,0,0,39838,120.0
656,grookey,8,,422,5,9.0,,4,8,70,0,15,0,2,0,0,0,3458,
657,tropius,3,409.0,165,6,13.0,,0,9,70,0,120,0,1,1,0,0,5672,
658,vivillon,8,753.0,376,7,7.0,,0,4,70,0,20,0,3,0,1,0,33526,
659,arctozolt,8,485.0,455,1,,,-1,4,50,0,120,0,2,0,0,0,50299,
660,yanmega,5,,210,7,5.0,9.0,6,193,50,0,20,0,2,0,0,0,94676,
661,cosmog,5,,407,7,2.0,,1,4,35,0,15,0,2,0,0,0,66771,
662,ursaring,2,,39,4,3.0,7.0,6,212,50,0,20,0,6,0,0,0,54951,
663,golem,1,241.0,20,7,8.0,8.0,6,72,100,0,20,0,2,0,0,0,10946,
664,swirlix,7,,333,3,8.0,,5,162,140,0,80,0,4,1,0,0,52445,
665,croagunk,5,,226,1,,2.0,3,151,70,0,25,0,1,1,0,0,96149,84.0
666,nihilego,7,459.0,448,6,9.0,,-1,3,50,0,15,0,2,0,0,0,42703,
667,moltres,1,100.0,79,10,9.0,3.0,3,60,70,0,15,1,1,1,0,0,24922,
668,entei,2,,79,3,5.0,,0,14,50,0,20,0,3,0,0,0,80758,118.0
669,tynamo,4,301.0,354,7,11.0,,0,22,0,0,120,0,2,0,0,0,96324,
670,vulpix,1,,8,10,7.0,3.0,8,61,50,0,20,0,2,0,0,0,31370,
671,orbeetle,7,366.0,429,10,11.0,,1,23,50,0,25,0,2,0,0,0,56133,
672,emolga,4,560.0,241,10,9.0,,-1,3,35,0,120,0,3,1,0,0,26403,53.0
673,ledyba,3,,30,5,9.0,8.0,2,4,50,0,25,0,2,0,0,0,40061,
674,skuntank,5,,192,8,,,5,58,50,0,20,0,4,0,0,0,8133,80.0
675,golisopod,7,,391,10,12.0,,5,189,50,0,20,0,4,0,0,0,89212,153.0
676,stakataka,6,421.0,406,3,,7.0,1,64,70,0,20,0,3,0,0,0,35685,
677,lotad,3,,145,5,7.0,9.0,-1,3,70,0,25,0,3,0,1,0,44243,
678,vaporeon,1,105.0,14,7,4.0,3.0,6,170,50,0,20,0,2,0,0,0,5067,
679,sewaddle,3,,233,3,7.0,,4,5,100,0,35,0,2,1,0,0,67244,
680,conkeldurr,5,563.0,323,3,5.0,,0,3,0,0,10,0,2,0,0,0,16144,
681,inkay,5,735.0,396,3,4.0,,4,127,70,0,15,0,2,0,0,0,36234,57.0
682,amoonguss,5,,184,9,5.0,,3,104,50,0,25,0,2,0,0,0,45875,
683,pignite,4,167.0,191,6,4.0,,0,111,70,0,15,0,2,0,0,0,88445,
684,starmie,2,391.0,60,10,13.0,9.0,3,94,50,0,10,0,1,0,0,0,12752,
685,skorupi,3,,228,3,8.0,,2,83,70,0,15,0,2,0,0,0,85458,
686,venonat,1,,5,1,14.0,4.0,4,17,50,0,10,0,2,0,0,0,81597,
687,centiskorch,8,870.0,423,1,5.0,,3,46,70,0,120,0,1,0,1,0,12008,
688,leavanny,5,318.0,236,2,5.0,5.0,-1,3,50,0,20,0,1,0,1,0,53055,
689,lickitung,1,,35,5,5.0,3.0,3,226,35,0,20,0,2,0,0,0,51247,
690,darmanitan,5,,271,2,,,6,38,70,0,20,0,2,0,0,0,44454,142.0
691,tapu-koko,7,,388,2,11.0,,3,67,50,0,20,0,2,0,1,0,95659,
692,gliscor,4,,156,10,4.0,,0,3,50,0,15,0,2,0,0,0,23356,
693,blastoise,1,220.0,7,7,13.0,3.0,1,3,100,0,35,0,4,0,0,0,9099,
694,togekiss,5,,305,2,14.0,,3,199,50,0,20,0,4,0,0,0,76407,
695,drakloak,7,,461,5,10.0,,1,11,50,0,120,0,2,0,0,0,87150,
696,volcanion,7,,371,7,2.0,,0,31,50,0,20,0,4,0,0,0,56239,
697,groudon,5,339.0,155,5,12.0,4.0,4,223,50,0,20,0,1,0,0,0,93358,85.0
698,croagunk,2,,195,6,4.0,,1,4,70,0,25,0,2,0,1,0,45728,
699,wooper,2,405.0,174,3,4.0,,5,30,50,0,120,0,1,0,0,0,2085,
700,seadra,1,,93,7,,2.0,1,13,50,0,15,0,2,0,0,0,54193,
701,eldegoss,8,446.0,447,3,4.0,,1,74,140,0,25,0,4,0,0,0,7923,
702,lampent,3,,304,4,12.0,,0,4,70,0,40,0,4,0,0,0,15670,
703,tapu-koko,7,,439,3,9.0,,4,4,50,0,15,0,1,1,0,0,56207,
704,stunfisk,7,315.0,312,5,4.0,,0,6,70,0,20,1,2,0,0,0,80269,
705,luxio,5,231.0,136,1,,,4,3,70,0,20,0,5,1,0,0,61151,
706,growlithe,1,269.0,82,1,7.0,4.0,1,11,50,0,15,0,4,1,0,0,94233,180.0
707,granbull,1,336.0,61,2,10.0,7.0,1,100,50,0,20,0,4,0,0,0,56882,
708,armaldo,4,246.0,178,7,11.0,4.0,3,27,50,0,20,0,4,0,0,0,49283,73.0
709,starly,4,510.0,247,5,7.0,4.0,5,12,70,0,20,0,4,0,0,0,16159,
710,lickitung,1,,64,2,7.0,,3,177,50,0,20,0,2,0,0,0,37852,
711,wimpod,7,542.0,425,3,,,-1,19,70,1,20,0,4,0,0,0,95772,
712,carkol,7,,447,6,9.0,,3,4,50,0,15,0,1,0,0,0,75295,113.0
713,wimpod,7,,443,8,4.0,,5,13,50,0,10,0,1,0,0,0,2344,118.0
714,chewtle,8,483.0,428,3,1.0,,-1,4,70,0,15,0,2,0,0,0,16890,
715,alomomola,4,,235,1,6.0,,0,3,100,0,25,0,2,0,0,0,34766,
716,castform,3,504.0,164,3,2.0,,6,163,70,0,15,0,1,0,0,0,15294,
717,jigglypuff,1,,4,10,12.0,,3,184,50,0,20,0,2,0,0,0,35971,
718,starmie,1,,73,3,9.0,3.0,2,29,50,0,10,0,2,0,0,0,1419,
719,sizzlipede,7,829.0,428,10,,,3,70,50,0,15,0,1,0,0,0,86319,
720,unfezant,6,,315,5,12.0,1.0,3,104,70,0,20,0,1,0,0,0,42704,131.0
721,snorlax,1,,54,3,8.0,2.0,0,41,70,0,25,0,2,0,0,0,3677,113.0
722,hoothoot,1,,76,5,9.0,3.0,1,12,70,1,25,0,2,0,0,0,88015,
723,clawitzer,5,751.0,313,4,11.0,,2,4,50,0,20,0,4,1,0,0,5927,
724,dragalge,7,,438,8,,,3,217,70,0,20,0,2,0,0,0,46478,94.0
725,nincada,3,514.0,167,3,13.0,6.0,4,237,50,0,20,0,2,0,0,0,89733,
726,honedge,6,,320,2,13.0,,0,51,0,0,20,0,5,0,0,0,5052,119.0
727,ditto,3,,57,6,8.0,2.0,0,20,50,0,40,0,2,0,0,0,22683,
728,toucannon,5,,439,7,10.0,,1,71,70,0,80,0,1,0,0,0,38766,
729,vibrava,3,147.0,146,3,7.0,,-1,4,35,0,80,0,2,0,0,0,96210,
730,walrein,2,596.0,233,6,3.0,8.0,-1,45,35,0,15,0,1,0,0,0,69905,
731,hattrem,8,,461,1,6.0,,3,22,50,0,15,0,5,0,0,0,93777,
732,riolu,5,,269,5,12.0,,-1,11,70,0,25,0,2,0,0,0,28668,136.0
733,kingler,1,,32,5,4.0,7.0,0,4,35,0,40,1,4,0,0,0,30565,
734,swoobat,5,293.0,243,10,2.0,7.0,0,3,50,0,20,0,1,0,0,0,7331,
735,floette,6,407.0,331,4,8.0,,4,3,70,0,20,0,3,0,0,0,68705,
736,drampa,8,649.0,386,5,9.0,9.0,8,199,50,0,20,1,4,0,0,0,94975,
737,steelix,4,677.0,152,2,2.0,1.0,6,158,50,0,20,0,2,0,0,0,41992,91.0
738,togekiss,3,351.0,266,2,3.0,2.0,0,33,70,0,25,0,1,0,0,0,6954,
739,chewtle,8,414.0,445,5,2.0,,0,21,50,0,15,0,2,0,0,0,43578,
740,roggenrola,4,,249,6,11.0,9.0,2,41,70,0,20,0,2,0,0,0,30025,
741,tropius,5,,128,3,8.0,,4,187,50,0,15,0,1,0,0,0,16980,
742,quilladin,4,,370,5,3.0,,-1,12,50,0,20,0,1,1,0,0,32172,
743,cubone,2,,116,3,6.0,3.0,1,3,70,0,20,1,3,0,0,0,92444,
744,typhlosion,2,,201,9,6.0,1.0,4,142,140,0,20,1,4,0,0,0,80897,
745,marshtomp,4,,135,3,7.0,9.0,5,163,50,0,20,1,2,0,0,0,34919,47.0
746,pikipek,7,399.0,390,9,12.0,,2,188,50,0,20,0,4,0,0,0,42056,
747,passimian,7,692.0,432,5,6.0,8.0,6,122,50,0,20,0,1,0,0,0,16554,
748,sneasel,1,,131,9,4.0,7.0,-1,23,50,0,15,1,1,0,0,0,12681,
749,seedot,3,,129,10,7.0,6.0,5,179,70,0,15,0,4,0,0,0,22162,
750,metagross,3,,168,2,6.0,,3,17,50,0,20,0,4,0,0,0,32794,123.0
751,exeggutor,1,,27,7,8.0,3.0,7,168,50,0,20,0,4,0,0,0,86323,59.0
752,hariyama,4,,74,4,14.0,,3,70,50,0,20,0,2,0,0,0,38690,
753,duskull,2,446.0,210,2,9.0,8.0,4,96,70,0,20,1,1,1,0,0,58024,
754,lilligant,4,465.0,327,5,13.0,,3,119,70,0,25,1,4,0,0,0,1776,
755,primarina,6,540.0,421,8,8.0,,7,94,70,0,25,0,4,0,0,0,41520,110.0
756,diggersby,6,,358,8,12.0,2.0,5,5,50,0,20,0,4,0,0,0,43685,
757,stufful,8,699.0,360,5,12.0,,6,98,50,0,20,0,2,0,0,0,1494,89.0
758,carvanha,4,,145,8,10.0,,1,66,50,0,15,0,2,0,0,0,25860,
759,leavanny,5,,139,9,11.0,,8,234,50,0,20,0,4,0,0,0,7752,
760,rhyperior,5,437.0,160,8,6.0,,2,240,50,0,20,0,3,0,0,0,6173,
761,gyarados,1,,21,2,7.0,2.0,0,128,50,0,20,0,2,0,0,0,91393,119.0
762,darumaka,3,,332,6,7.0,,-1,3,35,0,15,0,1,0,0,0,70374,
763,umbreon,4,,55,2,9.0,3.0,7,211,35,0,15,0,4,0,0,0,62789,
764,timburr,3,302.0,258,3,2.0,,2,8,50,0,15,0,4,0,0,0,59500,
765,slowpoke,1,219.0,29,10,7.0,3.0,2,35,50,0,20,0,2,0,0,0,72810,
766,beartic,5,637.0,294,5,12.0,4.0,2,27,0,0,20,0,3,0,0,0,49167,
767,morgrem,8,498.0,453,9,10.0,,2,27,70,0,25,0,1,0,0,0,57228,
768,jumpluff,1,234.0,37,7,5.0,3.0,0,23,70,0,25,0,1,0,0,0,12922,138.0
769,machamp,1,,26,10,7.0,,2,56,0,0,120,0,2,0,0,0,49730,
770,lucario,5,,258,9,2.0,,3,98,50,0,15,0,2,0,0,0,54753,110.0
771,solgaleo,5,,449,1,4.0,,3,4,50,0,10,0,3,0,0,0,39487,
772,lugia,2,263.0,124,2,6.0,1.0,3,39,70,0,30,0,2,0,1,0,47870,
773,accelgor,5,215.0,213,3,8.0,,0,65,50,0,15,0,1,0,0,0,66577,
774,sirfetchd,8,,435,3,6.0,,5,63,50,0,20,0,4,0,0,0,6863,
775,meowstic,5,419.0,297,2,,2.0,6,24,70,0,15,0,1,0,0,0,90767,
776,qwilfish,1,,46,1,9.0,7.0,0,112,50,0,20,0,4,0,0,0,1108,57.0
777,wingull,2,283.0,156,2,,3.0,1,187,50,0,15,1,3,0,0,0,54228,91.0
778,boltund,8,,406,7,6.0,,5,57,50,0,20,0,2,0,0,0,49440,
779,victini,4,193.0,188,10,5.0,,8,45,50,0,20,0,4,0,1,0,75923,133.0
780,exploud,4,204.0,140,6,1.0,3.0,0,28,100,0,20,0,1,0,1,0,70937,
781,golem,2,,14,5,4.0,3.0,5,232,50,0,20,0,2,0,0,0,89752,
782,ninetales,2,265.0,17,2,,2.0,4,248,50,0,20,0,2,0,0,0,36702,
783,kubfu,8,,470,3,4.0,,0,49,50,0,120,0,1,0,0,0,31745,99.0
784,heatran,5,,271,1,8.0,,2,13,50,0,15,0,2,0,0,0,8351,
785,trapinch,2,,152,6,1.0,,2,47,70,1,15,0,2,0,0,0,53423,
786,klink,4,,275,5,8.0,,3,95,0,0,25,0,1,0,0,0,76083,114.0
787,luxio,4,,207,6,9.0,,6,33,50,0,20,0,3,0,0,0,64,
788,dedenne,7,,338,3,7.0,,0,68,50,0,10,0,4,0,0,0,10209,
789,bagon,5,352.0,220,1,,2.0,3,94,100,0,25,0,2,0,0,0,12374,
790,morgrem,8,,446,2,8.0,,7,194,50,0,20,0,2,0,0,0,72250,
791,reshiram,6,,138,2,8.0,2.0,0,3,70,0,25,1,1,0,1,0,24984,
792,nidorino,1,,18,2,1.0,3.0,6,55,50,0,20,1,2,0,0,0,71862,
793,scyther,1,,87,10,,8.0,5,106,35,0,20,0,4,0,0,0,84204,90.0
794,tangela,1,353.0,47,4,10.0,3.0,6,36,35,0,20,1,1,0,0,0,84110,
795,dewgong,1,245.0,25,5,5.0,9.0,2,7,50,0,25,0,2,0,0,0,40514,76.0
796,conkeldurr,5,,275,8,8.0,2.0,1,8,50,0,20,0,2,1,0,0,21704,
797,grotle,3,,250,6,,,4,5,50,0,20,0,2,0,0,0,94970,
798,morpeko,8,,455,5,11.0,,-1,3,70,0,20,0,1,0,0,0,96158,131.0
799,gallade,4,,173,9,8.0,3.0,2,63,50,0,10,0,2,0,0,0,63924,
800,escavalier,5,401.0,233,4,13.0,,6,86,50,0,20,0,1,0,0,0,17534,
801,decidueye,8,592.0,342,5,9.0,,7,117,50,0,20,1,4,0,0,0,39188,
802,kyurem,4,294.0,312,6,5.0,,-1,6,0,0,15,0,5,0,0,0,88970,48.0
803,mienshao,6,411.0,168,7,14.0,,1,3,35,0,40,0,1,0,0,0,15024,
804,houndoom,2,,93,6,4.0,8.0,1,3,70,0,20,0,2,0,0,0,82706,150.0
805,solrock,4,233.0,204,2,1.0,,3,122,35,0,40,0,2,0,0,0,60594,
806,tirtouga,5,,219,4,12.0,6.0,2,28,140,0,15,0,1,0,0,0,38272,
807,pachirisu,3,,219,3,3.0,,3,158,50,0,20,0,1,0,0,0,75867,
808,larvesta,5,360.0,368,2,7.0,,1,165,70,0,15,0,2,0,0,0,79954,
809,grubbin,5,,367,1,7.0,,2,18,35,0,20,0,1,0,0,0,57652,
810,cresselia,5,482.0,133,1,7.0,2.0,8,197,50,0,20,0,2,0,1,0,12595,
811,sirfetchd,7,362.0,447,9,7.0,,0,3,50,0,25,0,2,0,0,0,81123,
812,lickilicky,3,350.0,213,3,11.0,8.0,0,21,50,0,20,0,5,0,0,0,93426,131.0
813,liepard,3,,213,10,7.0,7.0,0,4,100,0,30,0,1,0,0,0,98370,58.0
814,avalugg,5,,327,7,7.0,,3,155,50,0,40,0,2,0,0,0,73100,
815,salandit,6,225.0,406,7,11.0,,5,15,50,0,40,0,3,0,0,0,58610,
816,raboot,8,,454,8,2.0,,0,8,70,0,40,1,2,0,0,0,90567,89.0
817,magneton,1,480.0,43,5,9.0,,1,8,50,0,20,0,4,0,0,0,71046,
818,giratina,3,,270,3,12.0,,0,51,50,0,40,0,2,0,0,0,69486,
819,honedge,6,531.0,379,2,1.0,,-1,3,35,0,80,0,1,0,1,0,27988,
820,corvisquire,8,711.0,415,5,4.0,,5,94,50,0,20,0,2,0,0,0,91581,
821,chimecho,5,,136,1,11.0,,1,35,50,0,20,0,1,0,0,0,63811,107.0
822,poochyena,1,,121,5,5.0,4.0,0,21,50,0,120,1,2,0,0,0,84663,
823,heliolisk,5,,274,3,3.0,2.0,7,177,50,0,15,1,1,0,0,0,17232,
824,trumbeak,6,,382,6,10.0,,2,32,50,0,20,0,4,0,0,0,59866,
825,cacnea,5,441.0,185,3,13.0,3.0,3,35,50,0,15,0,2,0,0,0,5579,66.0
826,pikipek,7,,395,6,5.0,,6,157,70,0,20,0,2,0,0,0,37134,
827,seadra,1,26.0,12,10,8.0,3.0,0,22,35,0,30,0,1,0,0,0,4217,
828,galvantula,6,,261,3,9.0,,3,8,50,0,80,0,1,1,0,0,61060,
829,lunatone,3,344.0,118,8,10.0,,1,17,100,0,20,0,2,0,0,0,33052,
830,rowlet,8,,368,2,7.0,,1,136,70,0,15,0,4,0,0,0,39733,
831,murkrow,4,,75,2,10.0,,1,15,70,0,20,0,1,0,0,0,79388,
832,grubbin,6,798.0,404,4,3.0,,1,222,50,0,20,0,1,0,0,0,58960,
833,arceus,3,244.0,216,2,12.0,,4,215,50,0,20,0,2,0,0,0,32315,
834,bisharp,5,463.0,331,4,,,6,245,50,0,20,0,4,0,0,0,51218,
835,dedenne,6,,307,3,12.0,,4,8,70,0,25,0,2,0,0,0,43152,
836,staravia,3,601.0,185,8,6.0,,7,207,50,0,20,0,1,0,0,0,16743,
837,teddiursa,3,,52,5,12.0,3.0,6,97,50,0,20,0,2,0,0,0,62553,
838,whismur,5,,132,8,10.0,,8,194,50,0,20,0,4,1,0,0,57109,115.0
839,lickilicky,3,685.0,288,2,6.0,4.0,6,117,50,0,20,1,2,0,0,0,26976,101.0
840,oshawott,4,,277,1,8.0,9.0,4,5,70,0,25,0,5,0,0,0,96430,
841,helioptile,7,591.0,366,1,7.0,,6,99,50,0,15,0,5,0,0,0,75188,
842,lombre,3,468.0,98,1,7.0,4.0,0,229,50,0,20,0,2,1,0,0,72439,
843,guzzlord,7,,370,7,3.0,,4,204,50,0,20,0,4,0,0,0,60019,
844,quagsire,3,,95,9,,3.0,4,188,50,0,20,1,4,0,0,0,69357,
845,lurantis,5,268.0,437,1,9.0,,-1,3,0,0,40,0,6,0,0,0,42968,
846,appletun,8,,428,10,2.0,,4,48,140,0,20,0,4,0,0,0,44051,
847,sudowoodo,3,395.0,105,3,5.0,8.0,5,153,50,0,20,0,4,0,0,0,19117,
848,ferrothorn,3,406.0,351,7,1.0,,0,52,70,0,25,0,5,1,0,0,17259,
849,ursaring,2,304.0,85,7,,,0,68,50,0,15,0,4,0,0,0,53138,
850,phione,4,,209,2,8.0,,-1,3,35,0,120,0,5,0,0,1,14481,
851,volcarona,7,,385,3,9.0,,8,249,50,0,20,0,4,0,0,0,45712,
852,eiscue,8,,468,4,6.0,,6,134,50,0,20,0,1,0,0,0,45932,
853,torkoal,5,,107,3,9.0,,0,140,50,0,10,0,1,0,0,0,48808,
854,hitmonchan,1,256.0,30,7,12.0,2.0,8,179,50,0,25,0,4,0,0,0,49160,
855,copperajah,8,,471,5,13.0,,6,55,70,0,20,0,1,0,0,0,92305,
856,ursaring,4,430.0,71,2,11.0,6.0,3,6,50,0,20,0,4,0,0,1,13923,171.0
857,spectrier,8,,476,2,1.0,,0,97,50,0,15,0,2,0,0,0,25649,
858,snorunt,3,,128,2,5.0,,5,151,70,0,15,0,2,0,0,0,10914,
859,snorlax,2,68.0,69,2,12.0,3.0,-1,19,70,0,40,0,3,0,0,0,81159,
860,patrat,5,424.0,265,5,8.0,3.0,0,3,70,0,15,0,4,0,1,0,60471,
861,mismagius,2,362.0,141,3,14.0,4.0,1,4,70,0,120,0,1,0,0,0,67164,
862,kabuto,2,260.0,66,5,6.0,3.0,7,8,100,0,20,0,4,0,0,0,15104,96.0
863,cradily,4,,190,9,4.0,,5,106,70,0,20,0,2,0,0,0,75227,
864,kabuto,3,,66,2,6.0,,3,32,35,0,10,0,1,0,0,0,53275,70.0
865,wormadam,4,,127,1,2.0,,-1,5,50,0,15,0,4,0,0,0,41997,
866,golduck,1,223.0,19,7,6.0,9.0,8,250,50,0,20,0,4,0,0,0,89938,50.0
867,pelipper,3,557.0,119,7,10.0,7.0,7,244,50,0,20,0,2,0,0,0,11862,
868,articuno,1,434.0,91,2,6.0,9.0,1,3,0,0,120,0,1,0,0,0,27253,
869,samurott,5,,272,7,6.0,,8,253,50,0,20,0,2,0,0,0,85465,
870,charmeleon,1,217.0,5,2,5.0,6.0,6,109,50,0,20,0,2,0,0,0,38404,
871,gourgeist,5,,385,9,10.0,,-1,7,35,0,120,1,2,0,0,1,37407,
872,milcery,8,,449,2,8.0,,3,14,50,0,20,0,2,0,0,0,13387,
873,koffing,2,,76,7,10.0,3.0,8,251,50,0,20,0,4,0,0,0,86844,59.0
874,quilladin,7,544.0,310,5,10.0,4.0,1,3,50,0,80,1,2,0,0,1,60036,94.0
875,bulbasaur,1,,1,3,12.0,3.0,5,244,50,0,20,0,4,0,0,0,95174,
876,breloom,2,173.0,159,7,6.0,4.0,1,8,140,0,25,0,1,1,0,0,87629,
877,salandit,7,,394,9,5.0,,2,75,50,0,20,0,2,0,0,0,80945,
878,crustle,5,576.0,358,3,6.0,,-1,3,70,0,20,0,2,0,0,0,59464,105.0
879,articuno,2,,32,2,5.0,,3,195,50,0,20,0,4,0,0,0,45066,
880,excadrill,3,,292,2,8.0,,6,204,50,0,20,0,4,0,0,0,93347,
881,reuniclus,7,669.0,314,3,13.0,9.0,6,128,50,0,15,0,2,0,0,0,63943,
882,tapu-lele,7,,339,7,13.0,,7,118,70,0,80,0,1,0,0,0,29761,
883,feebas,2,,145,6,,,1,3,35,0,120,0,4,0,0,0,84117,
884,taillow,1,1.0,57,1,7.0,2.0,7,232,50,0,20,0,2,0,0,0,43834,
885,dugtrio,1,,5,3,,4.0,2,147,50,0,20,0,3,0,0,0,6161,
886,cradily,2,,179,3,7.0,,7,173,50,0,20,1,4,0,1,0,8488,
887,elgyem,5,202.0,234,5,4.0,,3,44,50,0,20,0,2,0,0,0,95284,
888,corviknight,7,,453,8,8.0,,1,100,50,0,15,0,2,0,0,0,54669,
889,lickitung,2,457.0,51,9,11.0,2.0,6,21,50,0,20,0,4,0,0,0,79460,
890,simisage,3,484.0,365,7,11.0,,0,4,50,0,80,0,4,0,0,0,32539,
891,cacnea,3,259.0,178,2,,,-1,3,100,0,120,1,3,0,0,0,75651,
892,chesnaught,5,,396,10,9.0,,0,35,70,0,25,0,4,0,0,0,84687,
893,minccino,7,663.0,331,2,3.0,,0,31,70,0,15,0,2,0,0,0,76181,184.0
894,clefable,1,,12,3,8.0,3.0,1,57,70,0,25,0,4,0,0,0,28333,
895,appletun,8,708.0,462,9,11.0,7.0,1,43,50,0,20,0,2,0,0,0,240,
896,ninetales,1,,24,9,12.0,2.0,4,244,35,0,20,0,1,0,0,0,79523,77.0
897,melmetal,5,739.0,445,5,12.0,,0,202,35,0,80,0,1,0,0,0,24127,115.0
